"filename", "language", "XMake", "C++", "Python", "Markdown", "JSON", "GLSL", "comment", "blank", "total"
"d:\FDU_files\Tao_group\kiwi\MyKiwi\README.md", "Markdown", 0, 0, 0, 122, 0, 0, 0, 60, 182
"d:\FDU_files\Tao_group\kiwi\MyKiwi\TODO.md", "Markdown", 0, 0, 0, 12, 0, 0, 0, 18, 30
"d:\FDU_files\Tao_group\kiwi\MyKiwi\algorithm\bus_routing\FPGA\FPGA.py", "Python", 0, 0, 343, 0, 0, 0, 3, 82, 428
"d:\FDU_files\Tao_group\kiwi\MyKiwi\algorithm\bus_routing\FPGA\bus_routing_FPGA.py", "Python", 0, 0, 123, 0, 0, 0, 2, 30, 155
"d:\FDU_files\Tao_group\kiwi\MyKiwi\algorithm\bus_routing\FPGA\test_bus.py", "Python", 0, 0, 44, 0, 0, 0, 6, 24, 74
"d:\FDU_files\Tao_group\kiwi\MyKiwi\algorithm\bus_routing\asic\bus_routing_asic.py", "Python", 0, 0, 263, 0, 0, 0, 25, 54, 342
"d:\FDU_files\Tao_group\kiwi\MyKiwi\algorithm\bus_routing\asic\maze.py", "Python", 0, 0, 126, 0, 0, 0, 0, 44, 170
"d:\FDU_files\Tao_group\kiwi\MyKiwi\algorithm\bus_routing\asic\routing_tree.py", "Python", 0, 0, 56, 0, 0, 0, 0, 19, 75
"d:\FDU_files\Tao_group\kiwi\MyKiwi\algorithm\bus_routing\asic\test_bus.py", "Python", 0, 0, 46, 0, 0, 0, 2, 24, 72
"d:\FDU_files\Tao_group\kiwi\MyKiwi\algorithm\bus_routing\comparison\case7\description.md", "Markdown", 0, 0, 0, 7, 0, 0, 0, 3, 10
"d:\FDU_files\Tao_group\kiwi\MyKiwi\algorithm\bus_routing\experiments.md", "Markdown", 0, 0, 0, 97, 0, 0, 0, 38, 135
"d:\FDU_files\Tao_group\kiwi\MyKiwi\algorithm\bus_routing\routing_tree.py", "Python", 0, 0, 54, 0, 0, 0, 0, 18, 72
"d:\FDU_files\Tao_group\kiwi\MyKiwi\algorithm\incremental_routing\2025.10.03 test\note.md", "Markdown", 0, 0, 0, 80, 0, 0, 0, 48, 128
"d:\FDU_files\Tao_group\kiwi\MyKiwi\algorithm\incremental_routing\2025.10.08 test\note.md", "Markdown", 0, 0, 0, 12, 0, 0, 0, 6, 18
"d:\FDU_files\Tao_group\kiwi\MyKiwi\algorithm\incremental_routing\2025.10.09 test\note.md", "Markdown", 0, 0, 0, 28, 0, 0, 0, 18, 46
"d:\FDU_files\Tao_group\kiwi\MyKiwi\algorithm\incremental_routing\2025.10.1 test\note.md", "Markdown", 0, 0, 0, 82, 0, 0, 0, 50, 132
"d:\FDU_files\Tao_group\kiwi\MyKiwi\algorithm\incremental_routing\2025.10.11test\note.md", "Markdown", 0, 0, 0, 150, 0, 0, 0, 29, 179
"d:\FDU_files\Tao_group\kiwi\MyKiwi\algorithm\incremental_routing\2025.10.17 test\note.md", "Markdown", 0, 0, 0, 21, 0, 0, 0, 20, 41
"d:\FDU_files\Tao_group\kiwi\MyKiwi\algorithm\incremental_routing\2025.10.24 test\note.md", "Markdown", 0, 0, 0, 16, 0, 0, 0, 10, 26
"d:\FDU_files\Tao_group\kiwi\MyKiwi\algorithm\incremental_routing\2025.10.27 test\note.md", "Markdown", 0, 0, 0, 19, 0, 0, 0, 16, 35
"d:\FDU_files\Tao_group\kiwi\MyKiwi\algorithm\incremental_routing\algothrim.md", "Markdown", 0, 0, 0, 123, 0, 0, 0, 71, 194
"d:\FDU_files\Tao_group\kiwi\MyKiwi\algorithm\incremental_routing\exp.md", "Markdown", 0, 0, 0, 42, 0, 0, 0, 26, 68
"d:\FDU_files\Tao_group\kiwi\MyKiwi\algorithm\incremental_routing\test1_high_fanout_maze_opti\description.md", "Markdown", 0, 0, 0, 57, 0, 0, 0, 18, 75
"d:\FDU_files\Tao_group\kiwi\MyKiwi\algorithm\incremental_routing\test1_high_fanout_maze_opti\minheap.py", "Python", 0, 0, 77, 0, 0, 0, 0, 13, 90
"d:\FDU_files\Tao_group\kiwi\MyKiwi\algorithm\incremental_routing\test1_high_fanout_maze_opti\test.py", "Python", 0, 0, 134, 0, 0, 0, 9, 31, 174
"d:\FDU_files\Tao_group\kiwi\MyKiwi\algorithm\pathfinder\pathfinder.py", "Python", 0, 0, 96, 0, 0, 0, 12, 39, 147
"d:\FDU_files\Tao_group\kiwi\MyKiwi\algorithm\routing.md", "Markdown", 0, 0, 0, 57, 0, 0, 0, 19, 76
"d:\FDU_files\Tao_group\kiwi\MyKiwi\document\config\README.md", "Markdown", 0, 0, 0, 11, 0, 0, 0, 9, 20
"d:\FDU_files\Tao_group\kiwi\MyKiwi\document\config\trans_xlsx_to_json.py", "Python", 0, 0, 164, 0, 0, 0, 0, 46, 210
"d:\FDU_files\Tao_group\kiwi\MyKiwi\document\config\trans_xlsx_to_json_incremental.py", "Python", 0, 0, 37, 0, 0, 0, 5, 11, 53
"d:\FDU_files\Tao_group\kiwi\MyKiwi\document\config\transform_xl.py", "Python", 0, 0, 203, 0, 0, 0, 2, 22, 227
"d:\FDU_files\Tao_group\kiwi\MyKiwi\document\gui\README.md", "Markdown", 0, 0, 0, 62, 0, 0, 0, 42, 104
"d:\FDU_files\Tao_group\kiwi\MyKiwi\document\gui\flow.md", "Markdown", 0, 0, 0, 33, 0, 0, 0, 29, 62
"d:\FDU_files\Tao_group\kiwi\MyKiwi\resource\shader\axis.frag", "GLSL", 0, 0, 0, 0, 0, 7, 0, 3, 10
"d:\FDU_files\Tao_group\kiwi\MyKiwi\resource\shader\axis.vert", "GLSL", 0, 0, 0, 0, 0, 8, 0, 3, 11
"d:\FDU_files\Tao_group\kiwi\MyKiwi\resource\shader\cube.frag", "GLSL", 0, 0, 0, 0, 0, 8, 0, 4, 12
"d:\FDU_files\Tao_group\kiwi\MyKiwi\resource\shader\cube.vert", "GLSL", 0, 0, 0, 0, 0, 14, 0, 5, 19
"d:\FDU_files\Tao_group\kiwi\MyKiwi\resource\shader\frame.frag", "GLSL", 0, 0, 0, 0, 0, 6, 0, 2, 8
"d:\FDU_files\Tao_group\kiwi\MyKiwi\resource\shader\frame.vert", "GLSL", 0, 0, 0, 0, 0, 9, 0, 3, 12
"d:\FDU_files\Tao_group\kiwi\MyKiwi\resource\shader\track.frag", "GLSL", 0, 0, 0, 0, 0, 6, 0, 3, 9
"d:\FDU_files\Tao_group\kiwi\MyKiwi\resource\shader\track.vert", "GLSL", 0, 0, 0, 0, 0, 11, 0, 4, 15
"d:\FDU_files\Tao_group\kiwi\MyKiwi\source\algo\netbuilder\netbuilder.cc", "C++", 0, 284, 0, 0, 0, 0, 32, 41, 357
"d:\FDU_files\Tao_group\kiwi\MyKiwi\source\algo\netbuilder\netbuilder.hh", "C++", 0, 42, 0, 0, 0, 0, 1, 15, 58
"d:\FDU_files\Tao_group\kiwi\MyKiwi\source\algo\placer\place.cc", "C++", 0, 11, 0, 0, 0, 0, 0, 3, 14
"d:\FDU_files\Tao_group\kiwi\MyKiwi\source\algo\placer\place.hh", "C++", 0, 18, 0, 0, 0, 0, 0, 7, 25
"d:\FDU_files\Tao_group\kiwi\MyKiwi\source\algo\placer\placestrategy.hh", "C++", 0, 18, 0, 0, 0, 0, 0, 6, 24
"d:\FDU_files\Tao_group\kiwi\MyKiwi\source\algo\placer\sa\saplacestrategy.cc", "C++", 0, 121, 0, 0, 0, 0, 6, 34, 161
"d:\FDU_files\Tao_group\kiwi\MyKiwi\source\algo\placer\sa\saplacestrategy.hh", "C++", 0, 26, 0, 0, 0, 0, 0, 7, 33
"d:\FDU_files\Tao_group\kiwi\MyKiwi\source\algo\route_data.cc", "C++", 0, 102, 0, 0, 0, 0, 0, 27, 129
"d:\FDU_files\Tao_group\kiwi\MyKiwi\source\algo\route_data.hh", "C++", 0, 40, 0, 0, 0, 0, 3, 15, 58
"d:\FDU_files\Tao_group\kiwi\MyKiwi\source\algo\router\command_mode\command.hh", "C++", 0, 25, 0, 0, 0, 0, 0, 11, 36
"d:\FDU_files\Tao_group\kiwi\MyKiwi\source\algo\router\command_mode\command\allocate.cc", "C++", 0, 11, 0, 0, 0, 0, 0, 9, 20
"d:\FDU_files\Tao_group\kiwi\MyKiwi\source\algo\router\command_mode\command\allocate.hh", "C++", 0, 12, 0, 0, 0, 0, 0, 6, 18
"d:\FDU_files\Tao_group\kiwi\MyKiwi\source\algo\router\command_mode\command\clear.cc", "C++", 0, 15, 0, 0, 0, 0, 0, 7, 22
"d:\FDU_files\Tao_group\kiwi\MyKiwi\source\algo\router\command_mode\command\clear.hh", "C++", 0, 12, 0, 0, 0, 0, 0, 6, 18
"d:\FDU_files\Tao_group\kiwi\MyKiwi\source\algo\router\command_mode\command\commands.hh", "C++", 0, 8, 0, 0, 0, 0, 0, 1, 9
"d:\FDU_files\Tao_group\kiwi\MyKiwi\source\algo\router\command_mode\command\incremental_route.cc", "C++", 0, 160, 0, 0, 0, 0, 10, 34, 204
"d:\FDU_files\Tao_group\kiwi\MyKiwi\source\algo\router\command_mode\command\incremental_route.hh", "C++", 0, 18, 0, 0, 0, 0, 0, 7, 25
"d:\FDU_files\Tao_group\kiwi\MyKiwi\source\algo\router\command_mode\command\reroute.cc", "C++", 0, 11, 0, 0, 0, 0, 0, 7, 18
"d:\FDU_files\Tao_group\kiwi\MyKiwi\source\algo\router\command_mode\command\reroute.hh", "C++", 0, 12, 0, 0, 0, 0, 0, 6, 18
"d:\FDU_files\Tao_group\kiwi\MyKiwi\source\algo\router\command_mode\command\resources.cc", "C++", 0, 13, 0, 0, 0, 0, 0, 7, 20
"d:\FDU_files\Tao_group\kiwi\MyKiwi\source\algo\router\command_mode\command\resources.hh", "C++", 0, 12, 0, 0, 0, 0, 0, 8, 20
"d:\FDU_files\Tao_group\kiwi\MyKiwi\source\algo\router\command_mode\command\route.cc", "C++", 0, 24, 0, 0, 0, 0, 2, 11, 37
"d:\FDU_files\Tao_group\kiwi\MyKiwi\source\algo\router\command_mode\command\route.hh", "C++", 0, 12, 0, 0, 0, 0, 0, 6, 18
"d:\FDU_files\Tao_group\kiwi\MyKiwi\source\algo\router\command_mode\command\sort.cc", "C++", 0, 32, 0, 0, 0, 0, 2, 11, 45
"d:\FDU_files\Tao_group\kiwi\MyKiwi\source\algo\router\command_mode\command\sort.hh", "C++", 0, 12, 0, 0, 0, 0, 0, 7, 19
"d:\FDU_files\Tao_group\kiwi\MyKiwi\source\algo\router\command_mode\invoker.cc", "C++", 0, 65, 0, 0, 0, 0, 2, 12, 79
"d:\FDU_files\Tao_group\kiwi\MyKiwi\source\algo\router\command_mode\invoker.hh", "C++", 0, 43, 0, 0, 0, 0, 0, 21, 64
"d:\FDU_files\Tao_group\kiwi\MyKiwi\source\algo\router\common\allocate\hopcroft_karp.cc", "C++", 0, 288, 0, 0, 0, 0, 13, 52, 353
"d:\FDU_files\Tao_group\kiwi\MyKiwi\source\algo\router\common\allocate\hopcroft_karp.hh", "C++", 0, 50, 0, 0, 0, 0, 4, 19, 73
"d:\FDU_files\Tao_group\kiwi\MyKiwi\source\algo\router\common\allocatestrategy.hh", "C++", 0, 15, 0, 0, 0, 0, 4, 11, 30
"d:\FDU_files\Tao_group\kiwi\MyKiwi\source\algo\router\common\maze\mazererouter.cc", "C++", 0, 319, 0, 0, 0, 0, 25, 39, 383
"d:\FDU_files\Tao_group\kiwi\MyKiwi\source\algo\router\common\maze\mazererouter.hh", "C++", 0, 115, 0, 0, 0, 0, 2, 31, 148
"d:\FDU_files\Tao_group\kiwi\MyKiwi\source\algo\router\common\maze\mazeroutestrategy.cc", "C++", 0, 715, 0, 0, 0, 0, 56, 120, 891
"d:\FDU_files\Tao_group\kiwi\MyKiwi\source\algo\router\common\maze\mazeroutestrategy.hh", "C++", 0, 83, 0, 0, 0, 0, 4, 26, 113
"d:\FDU_files\Tao_group\kiwi\MyKiwi\source\algo\router\common\maze\path_length.cc", "C++", 0, 160, 0, 0, 0, 0, 7, 18, 185
"d:\FDU_files\Tao_group\kiwi\MyKiwi\source\algo\router\common\maze\path_length.hh", "C++", 0, 17, 0, 0, 0, 0, 0, 10, 27
"d:\FDU_files\Tao_group\kiwi\MyKiwi\source\algo\router\common\routestrategy.hh", "C++", 0, 28, 0, 0, 0, 0, 0, 10, 38
"d:\FDU_files\Tao_group\kiwi\MyKiwi\source\algo\router\incremental\bound_bits\bits_group.hh", "C++", 0, 44, 0, 0, 0, 0, 0, 15, 59
"d:\FDU_files\Tao_group\kiwi\MyKiwi\source\algo\router\incremental\bound_bits\cob_bits.cc", "C++", 0, 79, 0, 0, 0, 0, 1, 17, 97
"d:\FDU_files\Tao_group\kiwi\MyKiwi\source\algo\router\incremental\bound_bits\cob_bits.hh", "C++", 0, 34, 0, 0, 0, 0, 0, 19, 53
"d:\FDU_files\Tao_group\kiwi\MyKiwi\source\algo\router\incremental\bound_bits\global_bits.hh", "C++", 0, 54, 0, 0, 0, 0, 0, 20, 74
"d:\FDU_files\Tao_group\kiwi\MyKiwi\source\algo\router\incremental\bound_bits\tob_bits.cc", "C++", 0, 112, 0, 0, 0, 0, 0, 25, 137
"d:\FDU_files\Tao_group\kiwi\MyKiwi\source\algo\router\incremental\bound_bits\tob_bits.hh", "C++", 0, 37, 0, 0, 0, 0, 0, 18, 55
"d:\FDU_files\Tao_group\kiwi\MyKiwi\source\algo\router\incremental\bound_bits\track_bits.cc", "C++", 0, 58, 0, 0, 0, 0, 2, 18, 78
"d:\FDU_files\Tao_group\kiwi\MyKiwi\source\algo\router\incremental\bound_bits\track_bits.hh", "C++", 0, 45, 0, 0, 0, 0, 0, 27, 72
"d:\FDU_files\Tao_group\kiwi\MyKiwi\source\algo\router\incremental\maze\routing.cc", "C++", 0, 733, 0, 0, 0, 0, 12, 125, 870
"d:\FDU_files\Tao_group\kiwi\MyKiwi\source\algo\router\incremental\maze\routing.hh", "C++", 0, 104, 0, 0, 0, 0, 1, 31, 136
"d:\FDU_files\Tao_group\kiwi\MyKiwi\source\algo\router\incremental\recorders\cobrecorder.cc", "C++", 0, 184, 0, 0, 0, 0, 1, 41, 226
"d:\FDU_files\Tao_group\kiwi\MyKiwi\source\algo\router\incremental\recorders\cobrecorder.hh", "C++", 0, 43, 0, 0, 0, 0, 0, 13, 56
"d:\FDU_files\Tao_group\kiwi\MyKiwi\source\algo\router\incremental\recorders\hardware_recorder.cc", "C++", 0, 373, 0, 0, 0, 0, 8, 64, 445
"d:\FDU_files\Tao_group\kiwi\MyKiwi\source\algo\router\incremental\recorders\hardware_recorder.hh", "C++", 0, 51, 0, 0, 0, 0, 1, 19, 71
"d:\FDU_files\Tao_group\kiwi\MyKiwi\source\algo\router\incremental\recorders\recorder.hh", "C++", 0, 107, 0, 0, 0, 0, 0, 28, 135
"d:\FDU_files\Tao_group\kiwi\MyKiwi\source\algo\router\incremental\recorders\tobrecorder.cc", "C++", 0, 251, 0, 0, 0, 0, 0, 57, 308
"d:\FDU_files\Tao_group\kiwi\MyKiwi\source\algo\router\incremental\recorders\tobrecorder.hh", "C++", 0, 53, 0, 0, 0, 0, 1, 18, 72
"d:\FDU_files\Tao_group\kiwi\MyKiwi\source\algo\router\route_nets.cc", "C++", 0, 312, 0, 0, 0, 0, 18, 53, 383
"d:\FDU_files\Tao_group\kiwi\MyKiwi\source\algo\router\route_nets.hh", "C++", 0, 47, 0, 0, 0, 0, 1, 14, 62
"d:\FDU_files\Tao_group\kiwi\MyKiwi\source\algo\router\routeengine.cc", "C++", 0, 136, 0, 0, 0, 0, 5, 27, 168
"d:\FDU_files\Tao_group\kiwi\MyKiwi\source\algo\router\routeengine.hh", "C++", 0, 67, 0, 0, 0, 0, 0, 15, 82
"d:\FDU_files\Tao_group\kiwi\MyKiwi\source\algo\router\routeerror.hh", "C++", 0, 43, 0, 0, 0, 0, 3, 13, 59
"d:\FDU_files\Tao_group\kiwi\MyKiwi\source\app\cli\cli.cc", "C++", 0, 49, 0, 0, 0, 0, 0, 11, 60
"d:\FDU_files\Tao_group\kiwi\MyKiwi\source\app\cli\cli.hh", "C++", 0, 6, 0, 0, 0, 0, 0, 4, 10
"d:\FDU_files\Tao_group\kiwi\MyKiwi\source\app\gui\gui.cc", "C++", 0, 23, 0, 0, 0, 0, 0, 8, 31
"d:\FDU_files\Tao_group\kiwi\MyKiwi\source\app\gui\gui.hh", "C++", 0, 4, 0, 0, 0, 0, 0, 3, 7
"d:\FDU_files\Tao_group\kiwi\MyKiwi\source\app\kiwi.cc", "C++", 0, 132, 0, 0, 0, 0, 5, 27, 164
"d:\FDU_files\Tao_group\kiwi\MyKiwi\source\app\main.cc", "C++", 0, 11, 0, 0, 0, 0, 0, 2, 13
"d:\FDU_files\Tao_group\kiwi\MyKiwi\source\circuit\basedie.cc", "C++", 0, 372, 0, 0, 0, 0, 6, 90, 468
"d:\FDU_files\Tao_group\kiwi\MyKiwi\source\circuit\basedie.hh", "C++", 0, 106, 0, 0, 0, 0, 3, 31, 140
"d:\FDU_files\Tao_group\kiwi\MyKiwi\source\circuit\connection\connection.cc", "C++", 0, 10, 0, 0, 0, 0, 0, 5, 15
"d:\FDU_files\Tao_group\kiwi\MyKiwi\source\circuit\connection\connection.hh", "C++", 0, 40, 0, 0, 0, 0, 0, 11, 51
"d:\FDU_files\Tao_group\kiwi\MyKiwi\source\circuit\connection\pin.cc", "C++", 0, 40, 0, 0, 0, 0, 0, 14, 54
"d:\FDU_files\Tao_group\kiwi\MyKiwi\source\circuit\connection\pin.hh", "C++", 0, 99, 0, 0, 0, 0, 0, 15, 114
"d:\FDU_files\Tao_group\kiwi\MyKiwi\source\circuit\export\export.cc", "C++", 0, 15, 0, 0, 0, 0, 0, 3, 18
"d:\FDU_files\Tao_group\kiwi\MyKiwi\source\circuit\export\export.hh", "C++", 0, 20, 0, 0, 0, 0, 0, 9, 29
"d:\FDU_files\Tao_group\kiwi\MyKiwi\source\circuit\net\net.cc", "C++", 0, 32, 0, 0, 0, 0, 0, 11, 43
"d:\FDU_files\Tao_group\kiwi\MyKiwi\source\circuit\net\net.hh", "C++", 0, 113, 0, 0, 0, 0, 12, 22, 147
"d:\FDU_files\Tao_group\kiwi\MyKiwi\source\circuit\net\nets.hh", "C++", 0, 9, 0, 0, 0, 0, 0, 6, 15
"d:\FDU_files\Tao_group\kiwi\MyKiwi\source\circuit\net\types\bbnet.cc", "C++", 0, 163, 0, 0, 0, 0, 0, 35, 198
"d:\FDU_files\Tao_group\kiwi\MyKiwi\source\circuit\net\types\bbnet.hh", "C++", 0, 46, 0, 0, 0, 0, 0, 10, 56
"d:\FDU_files\Tao_group\kiwi\MyKiwi\source\circuit\net\types\bbsnet.cc", "C++", 0, 173, 0, 0, 0, 0, 0, 33, 206
"d:\FDU_files\Tao_group\kiwi\MyKiwi\source\circuit\net\types\bbsnet.hh", "C++", 0, 43, 0, 0, 0, 0, 0, 9, 52
"d:\FDU_files\Tao_group\kiwi\MyKiwi\source\circuit\net\types\btnet.cc", "C++", 0, 157, 0, 0, 0, 0, 1, 32, 190
"d:\FDU_files\Tao_group\kiwi\MyKiwi\source\circuit\net\types\btnet.hh", "C++", 0, 45, 0, 0, 0, 0, 0, 10, 55
"d:\FDU_files\Tao_group\kiwi\MyKiwi\source\circuit\net\types\btsnet.cc", "C++", 0, 167, 0, 0, 0, 0, 0, 36, 203
"d:\FDU_files\Tao_group\kiwi\MyKiwi\source\circuit\net\types\btsnet.hh", "C++", 0, 45, 0, 0, 0, 0, 0, 10, 55
"d:\FDU_files\Tao_group\kiwi\MyKiwi\source\circuit\net\types\syncnet.cc", "C++", 0, 447, 0, 0, 0, 0, 2, 67, 516
"d:\FDU_files\Tao_group\kiwi\MyKiwi\source\circuit\net\types\syncnet.hh", "C++", 0, 73, 0, 0, 0, 0, 3, 22, 98
"d:\FDU_files\Tao_group\kiwi\MyKiwi\source\circuit\net\types\tbnet.cc", "C++", 0, 155, 0, 0, 0, 0, 1, 33, 189
"d:\FDU_files\Tao_group\kiwi\MyKiwi\source\circuit\net\types\tbnet.hh", "C++", 0, 45, 0, 0, 0, 0, 0, 10, 55
"d:\FDU_files\Tao_group\kiwi\MyKiwi\source\circuit\net\types\tbsnet.cc", "C++", 0, 169, 0, 0, 0, 0, 0, 34, 203
"d:\FDU_files\Tao_group\kiwi\MyKiwi\source\circuit\net\types\tbsnet.hh", "C++", 0, 45, 0, 0, 0, 0, 0, 10, 55
"d:\FDU_files\Tao_group\kiwi\MyKiwi\source\circuit\net\types\tsbsnet.cc", "C++", 0, 195, 0, 0, 0, 0, 0, 34, 229
"d:\FDU_files\Tao_group\kiwi\MyKiwi\source\circuit\net\types\tsbsnet.hh", "C++", 0, 44, 0, 0, 0, 0, 0, 10, 54
"d:\FDU_files\Tao_group\kiwi\MyKiwi\source\circuit\path\pathpackage.cc", "C++", 0, 293, 0, 0, 0, 0, 12, 52, 357
"d:\FDU_files\Tao_group\kiwi\MyKiwi\source\circuit\path\pathpackage.hh", "C++", 0, 84, 0, 0, 0, 0, 6, 27, 117
"d:\FDU_files\Tao_group\kiwi\MyKiwi\source\circuit\topdie\topdie.cc", "C++", 0, 16, 0, 0, 0, 0, 0, 8, 24
"d:\FDU_files\Tao_group\kiwi\MyKiwi\source\circuit\topdie\topdie.hh", "C++", 0, 21, 0, 0, 0, 0, 0, 7, 28
"d:\FDU_files\Tao_group\kiwi\MyKiwi\source\circuit\topdieinst\topdieinst.cc", "C++", 0, 60, 0, 0, 0, 0, 1, 17, 78
"d:\FDU_files\Tao_group\kiwi\MyKiwi\source\circuit\topdieinst\topdieinst.hh", "C++", 0, 42, 0, 0, 0, 0, 2, 18, 62
"d:\FDU_files\Tao_group\kiwi\MyKiwi\source\global\debug\console.cc", "C++", 0, 54, 0, 0, 0, 0, 0, 12, 66
"d:\FDU_files\Tao_group\kiwi\MyKiwi\source\global\debug\console.hh", "C++", 0, 59, 0, 0, 0, 0, 0, 14, 73
"d:\FDU_files\Tao_group\kiwi\MyKiwi\source\global\debug\debug.cc", "C++", 0, 88, 0, 0, 0, 0, 0, 19, 107
"d:\FDU_files\Tao_group\kiwi\MyKiwi\source\global\debug\debug.hh", "C++", 0, 85, 0, 0, 0, 0, 0, 17, 102
"d:\FDU_files\Tao_group\kiwi\MyKiwi\source\global\debug\exception.hh", "C++", 0, 8, 0, 0, 0, 0, 0, 4, 12
"d:\FDU_files\Tao_group\kiwi\MyKiwi\source\global\debug\log.cc", "C++", 0, 55, 0, 0, 0, 0, 0, 16, 71
"d:\FDU_files\Tao_group\kiwi\MyKiwi\source\global\debug\log.hh", "C++", 0, 47, 0, 0, 0, 0, 0, 13, 60
"d:\FDU_files\Tao_group\kiwi\MyKiwi\source\global\std\algorithm.hh", "C++", 0, 4, 0, 0, 0, 0, 0, 1, 5
"d:\FDU_files\Tao_group\kiwi\MyKiwi\source\global\std\collection.hh", "C++", 0, 43, 0, 0, 0, 0, 0, 17, 60
"d:\FDU_files\Tao_group\kiwi\MyKiwi\source\global\std\exception.hh", "C++", 0, 8, 0, 0, 0, 0, 0, 7, 15
"d:\FDU_files\Tao_group\kiwi\MyKiwi\source\global\std\file.hh", "C++", 0, 9, 0, 0, 0, 0, 0, 7, 16
"d:\FDU_files\Tao_group\kiwi\MyKiwi\source\global\std\format.hh", "C++", 0, 165, 0, 0, 0, 0, 0, 16, 181
"d:\FDU_files\Tao_group\kiwi\MyKiwi\source\global\std\integer.hh", "C++", 0, 13, 0, 0, 0, 0, 0, 6, 19
"d:\FDU_files\Tao_group\kiwi\MyKiwi\source\global\std\math.hh", "C++", 0, 2, 0, 0, 0, 0, 0, 1, 3
"d:\FDU_files\Tao_group\kiwi\MyKiwi\source\global\std\memory.hh", "C++", 0, 10, 0, 0, 0, 0, 0, 6, 16
"d:\FDU_files\Tao_group\kiwi\MyKiwi\source\global\std\range.hh", "C++", 0, 4, 0, 0, 0, 0, 0, 2, 6
"d:\FDU_files\Tao_group\kiwi\MyKiwi\source\global\std\string.hh", "C++", 0, 10, 0, 0, 0, 0, 0, 6, 16
"d:\FDU_files\Tao_group\kiwi\MyKiwi\source\global\std\utility.hh", "C++", 0, 23, 0, 0, 0, 0, 0, 9, 32
"d:\FDU_files\Tao_group\kiwi\MyKiwi\source\global\utility\file.cc", "C++", 0, 42, 0, 0, 0, 0, 0, 10, 52
"d:\FDU_files\Tao_group\kiwi\MyKiwi\source\global\utility\file.hh", "C++", 0, 7, 0, 0, 0, 0, 0, 5, 12
"d:\FDU_files\Tao_group\kiwi\MyKiwi\source\global\utility\random.cc", "C++", 0, 20, 0, 0, 0, 0, 0, 7, 27
"d:\FDU_files\Tao_group\kiwi\MyKiwi\source\global\utility\random.hh", "C++", 0, 6, 0, 0, 0, 0, 1, 4, 11
"d:\FDU_files\Tao_group\kiwi\MyKiwi\source\global\utility\stirng.cc", "C++", 0, 25, 0, 0, 0, 0, 1, 7, 33
"d:\FDU_files\Tao_group\kiwi\MyKiwi\source\global\utility\string.hh", "C++", 0, 9, 0, 0, 0, 0, 0, 5, 14
"d:\FDU_files\Tao_group\kiwi\MyKiwi\source\hardware\bump\bump.cc", "C++", 0, 50, 0, 0, 0, 0, 0, 14, 64
"d:\FDU_files\Tao_group\kiwi\MyKiwi\source\hardware\bump\bump.hh", "C++", 0, 36, 0, 0, 0, 0, 0, 12, 48
"d:\FDU_files\Tao_group\kiwi\MyKiwi\source\hardware\bump\bumpcoord.cc", "C++", 0, 41, 0, 0, 0, 0, 0, 11, 52
"d:\FDU_files\Tao_group\kiwi\MyKiwi\source\hardware\bump\bumpcoord.hh", "C++", 0, 27, 0, 0, 0, 0, 0, 11, 38
"d:\FDU_files\Tao_group\kiwi\MyKiwi\source\hardware\cob\cob.cc", "C++", 0, 170, 0, 0, 0, 0, 0, 38, 208
"d:\FDU_files\Tao_group\kiwi\MyKiwi\source\hardware\cob\cob.hh", "C++", 0, 63, 0, 0, 0, 0, 0, 21, 84
"d:\FDU_files\Tao_group\kiwi\MyKiwi\source\hardware\cob\cobconnector.cc", "C++", 0, 43, 0, 0, 0, 0, 0, 8, 51
"d:\FDU_files\Tao_group\kiwi\MyKiwi\source\hardware\cob\cobconnector.hh", "C++", 0, 39, 0, 0, 0, 0, 0, 11, 50
"d:\FDU_files\Tao_group\kiwi\MyKiwi\source\hardware\cob\cobcoord.hh", "C++", 0, 5, 0, 0, 0, 0, 0, 5, 10
"d:\FDU_files\Tao_group\kiwi\MyKiwi\source\hardware\cob\cobdirection.hh", "C++", 0, 16, 0, 0, 0, 0, 0, 7, 23
"d:\FDU_files\Tao_group\kiwi\MyKiwi\source\hardware\cob\cobregister.hh", "C++", 0, 64, 0, 0, 0, 0, 1, 26, 91
"d:\FDU_files\Tao_group\kiwi\MyKiwi\source\hardware\cob\cobunit.cc", "C++", 0, 223, 0, 0, 0, 0, 1, 39, 263
"d:\FDU_files\Tao_group\kiwi\MyKiwi\source\hardware\cob\cobunit.hh", "C++", 0, 73, 0, 0, 0, 0, 0, 22, 95
"d:\FDU_files\Tao_group\kiwi\MyKiwi\source\hardware\coord.cc", "C++", 0, 21, 0, 0, 0, 0, 0, 9, 30
"d:\FDU_files\Tao_group\kiwi\MyKiwi\source\hardware\coord.hh", "C++", 0, 22, 0, 0, 0, 0, 0, 10, 32
"d:\FDU_files\Tao_group\kiwi\MyKiwi\source\hardware\interposer.cc", "C++", 0, 211, 0, 0, 0, 0, 6, 42, 259
"d:\FDU_files\Tao_group\kiwi\MyKiwi\source\hardware\interposer.hh", "C++", 0, 69, 0, 0, 0, 0, 4, 26, 99
"d:\FDU_files\Tao_group\kiwi\MyKiwi\source\hardware\tob\tob.cc", "C++", 0, 381, 0, 0, 0, 0, 0, 86, 467
"d:\FDU_files\Tao_group\kiwi\MyKiwi\source\hardware\tob\tob.hh", "C++", 0, 118, 0, 0, 0, 0, 0, 33, 151
"d:\FDU_files\Tao_group\kiwi\MyKiwi\source\hardware\tob\tobconnector.cc", "C++", 0, 99, 0, 0, 0, 0, 0, 20, 119
"d:\FDU_files\Tao_group\kiwi\MyKiwi\source\hardware\tob\tobconnector.hh", "C++", 0, 48, 0, 0, 0, 0, 0, 13, 61
"d:\FDU_files\Tao_group\kiwi\MyKiwi\source\hardware\tob\tobcoord.hh", "C++", 0, 5, 0, 0, 0, 0, 0, 6, 11
"d:\FDU_files\Tao_group\kiwi\MyKiwi\source\hardware\tob\tobmux.cc", "C++", 0, 152, 0, 0, 0, 0, 4, 32, 188
"d:\FDU_files\Tao_group\kiwi\MyKiwi\source\hardware\tob\tobmux.hh", "C++", 0, 45, 0, 0, 0, 0, 0, 14, 59
"d:\FDU_files\Tao_group\kiwi\MyKiwi\source\hardware\tob\tobregister.hh", "C++", 0, 119, 0, 0, 0, 0, 5, 37, 161
"d:\FDU_files\Tao_group\kiwi\MyKiwi\source\hardware\tob\tobsigdir.hh", "C++", 0, 8, 0, 0, 0, 0, 0, 3, 11
"d:\FDU_files\Tao_group\kiwi\MyKiwi\source\hardware\track\track.cc", "C++", 0, 69, 0, 0, 0, 0, 0, 17, 86
"d:\FDU_files\Tao_group\kiwi\MyKiwi\source\hardware\track\track.hh", "C++", 0, 42, 0, 0, 0, 0, 1, 15, 58
"d:\FDU_files\Tao_group\kiwi\MyKiwi\source\hardware\track\trackcoord.cc", "C++", 0, 46, 0, 0, 0, 0, 0, 11, 57
"d:\FDU_files\Tao_group\kiwi\MyKiwi\source\hardware\track\trackcoord.hh", "C++", 0, 44, 0, 0, 0, 0, 0, 16, 60
"d:\FDU_files\Tao_group\kiwi\MyKiwi\source\parse\comparator\controlbits_parser.cc", "C++", 0, 73, 0, 0, 0, 0, 0, 17, 90
"d:\FDU_files\Tao_group\kiwi\MyKiwi\source\parse\comparator\controlbits_parser.hh", "C++", 0, 16, 0, 0, 0, 0, 2, 10, 28
"d:\FDU_files\Tao_group\kiwi\MyKiwi\source\parse\reader\config\config.cc", "C++", 0, 263, 0, 0, 0, 0, 33, 48, 344
"d:\FDU_files\Tao_group\kiwi\MyKiwi\source\parse\reader\config\config.hh", "C++", 0, 19, 0, 0, 0, 0, 0, 7, 26
"d:\FDU_files\Tao_group\kiwi\MyKiwi\source\parse\reader\config\connection.hh", "C++", 0, 13, 0, 0, 0, 0, 0, 7, 20
"d:\FDU_files\Tao_group\kiwi\MyKiwi\source\parse\reader\config\externalport.hh", "C++", 0, 11, 0, 0, 0, 0, 0, 5, 16
"d:\FDU_files\Tao_group\kiwi\MyKiwi\source\parse\reader\config\interposer.hh", "C++", 0, 7, 0, 0, 0, 0, 0, 6, 13
"d:\FDU_files\Tao_group\kiwi\MyKiwi\source\parse\reader\config\topdie.hh", "C++", 0, 22, 0, 0, 0, 0, 0, 10, 32
"d:\FDU_files\Tao_group\kiwi\MyKiwi\source\parse\reader\controlbits\controlbits.cc", "C++", 0, 449, 0, 0, 0, 0, 8, 52, 509
"d:\FDU_files\Tao_group\kiwi\MyKiwi\source\parse\reader\controlbits\controlbits.hh", "C++", 0, 38, 0, 0, 0, 0, 0, 16, 54
"d:\FDU_files\Tao_group\kiwi\MyKiwi\source\parse\reader\module.cc", "C++", 0, 73, 0, 0, 0, 0, 1, 14, 88
"d:\FDU_files\Tao_group\kiwi\MyKiwi\source\parse\reader\module.hh", "C++", 0, 24, 0, 0, 0, 0, 3, 7, 34
"d:\FDU_files\Tao_group\kiwi\MyKiwi\source\parse\reader\reader.cc", "C++", 0, 138, 0, 0, 0, 0, 34, 22, 194
"d:\FDU_files\Tao_group\kiwi\MyKiwi\source\parse\reader\reader.hh", "C++", 0, 45, 0, 0, 0, 0, 23, 14, 82
"d:\FDU_files\Tao_group\kiwi\MyKiwi\source\parse\writer\module.cc", "C++", 0, 49, 0, 0, 0, 0, 3, 7, 59
"d:\FDU_files\Tao_group\kiwi\MyKiwi\source\parse\writer\module.hh", "C++", 0, 13, 0, 0, 0, 0, 0, 6, 19
"d:\FDU_files\Tao_group\kiwi\MyKiwi\source\parse\writer\registers\baseregister.hh", "C++", 0, 19, 0, 0, 0, 0, 0, 13, 32
"d:\FDU_files\Tao_group\kiwi\MyKiwi\source\parse\writer\registers\cobregister.cc", "C++", 0, 129, 0, 0, 0, 0, 0, 21, 150
"d:\FDU_files\Tao_group\kiwi\MyKiwi\source\parse\writer\registers\cobregister.hh", "C++", 0, 38, 0, 0, 0, 0, 0, 16, 54
"d:\FDU_files\Tao_group\kiwi\MyKiwi\source\parse\writer\registers\registervalues.hh", "C++", 0, 55, 0, 0, 0, 0, 0, 13, 68
"d:\FDU_files\Tao_group\kiwi\MyKiwi\source\parse\writer\registers\tobregister.cc", "C++", 0, 215, 0, 0, 0, 0, 0, 24, 239
"d:\FDU_files\Tao_group\kiwi\MyKiwi\source\parse\writer\registers\tobregister.hh", "C++", 0, 36, 0, 0, 0, 0, 0, 14, 50
"d:\FDU_files\Tao_group\kiwi\MyKiwi\source\parse\writer\writer.cc", "C++", 0, 204, 0, 0, 0, 0, 2, 32, 238
"d:\FDU_files\Tao_group\kiwi\MyKiwi\source\parse\writer\writer.hh", "C++", 0, 46, 0, 0, 0, 0, 0, 22, 68
"d:\FDU_files\Tao_group\kiwi\MyKiwi\source\serde\de.hh", "C++", 0, 63, 0, 0, 0, 0, 9, 18, 90
"d:\FDU_files\Tao_group\kiwi\MyKiwi\source\serde\json\json.cc", "C++", 0, 280, 0, 0, 0, 0, 7, 72, 359
"d:\FDU_files\Tao_group\kiwi\MyKiwi\source\serde\json\json.hh", "C++", 0, 188, 0, 0, 0, 0, 0, 32, 220
"d:\FDU_files\Tao_group\kiwi\MyKiwi\source\serde\json\jsonerror.cc", "C++", 0, 32, 0, 0, 0, 0, 0, 8, 40
"d:\FDU_files\Tao_group\kiwi\MyKiwi\source\serde\json\jsonerror.hh", "C++", 0, 28, 0, 0, 0, 0, 0, 9, 37
"d:\FDU_files\Tao_group\kiwi\MyKiwi\source\serde\json\jsonparser.cc", "C++", 0, 92, 0, 0, 0, 0, 6, 19, 117
"d:\FDU_files\Tao_group\kiwi\MyKiwi\source\serde\json\jsonparser.hh", "C++", 0, 26, 0, 0, 0, 0, 0, 11, 37
"d:\FDU_files\Tao_group\kiwi\MyKiwi\source\serde\json\jsonscanner.cc", "C++", 0, 108, 0, 0, 0, 0, 5, 17, 130
"d:\FDU_files\Tao_group\kiwi\MyKiwi\source\serde\json\jsonscanner.hh", "C++", 0, 45, 0, 0, 0, 0, 0, 19, 64
"d:\FDU_files\Tao_group\kiwi\MyKiwi\source\serde\json\jsontoken.hh", "C++", 0, 46, 0, 0, 0, 0, 5, 17, 68
"d:\FDU_files\Tao_group\kiwi\MyKiwi\source\serde\json\jsontype.cc", "C++", 0, 16, 0, 0, 0, 0, 0, 3, 19
"d:\FDU_files\Tao_group\kiwi\MyKiwi\source\serde\json\jsontype.hh", "C++", 0, 15, 0, 0, 0, 0, 0, 5, 20
"d:\FDU_files\Tao_group\kiwi\MyKiwi\source\serde\ser.hh", "C++", 0, 21, 0, 0, 0, 0, 0, 6, 27
"d:\FDU_files\Tao_group\kiwi\MyKiwi\source\serde\serde.hh", "C++", 0, 2, 0, 0, 0, 0, 0, 0, 2
"d:\FDU_files\Tao_group\kiwi\MyKiwi\source\widget\GUI-TODO.md", "Markdown", 0, 0, 0, 20, 0, 0, 0, 6, 26
"d:\FDU_files\Tao_group\kiwi\MyKiwi\source\widget\frame\colorpickbutton.h", "C++", 0, 45, 0, 0, 0, 0, 0, 14, 59
"d:\FDU_files\Tao_group\kiwi\MyKiwi\source\widget\frame\entrydialog.cc", "C++", 0, 55, 0, 0, 0, 0, 0, 12, 67
"d:\FDU_files\Tao_group\kiwi\MyKiwi\source\widget\frame\entrydialog.h", "C++", 0, 20, 0, 0, 0, 0, 0, 7, 27
"d:\FDU_files\Tao_group\kiwi\MyKiwi\source\widget\frame\graphicsview.cc", "C++", 0, 75, 0, 0, 0, 0, 0, 15, 90
"d:\FDU_files\Tao_group\kiwi\MyKiwi\source\widget\frame\graphicsview.h", "C++", 0, 23, 0, 0, 0, 0, 0, 8, 31
"d:\FDU_files\Tao_group\kiwi\MyKiwi\source\widget\frame\itemtypecheck.h", "C++", 0, 13, 0, 0, 0, 0, 0, 3, 16
"d:\FDU_files\Tao_group\kiwi\MyKiwi\source\widget\frame\lineeditwithbutton.h", "C++", 0, 36, 0, 0, 0, 0, 4, 11, 51
"d:\FDU_files\Tao_group\kiwi\MyKiwi\source\widget\frame\msgexception.h", "C++", 0, 12, 0, 0, 0, 0, 0, 4, 16
"d:\FDU_files\Tao_group\kiwi\MyKiwi\source\widget\layout\item\exportitem.cc", "C++", 0, 19, 0, 0, 0, 0, 0, 6, 25
"d:\FDU_files\Tao_group\kiwi\MyKiwi\source\widget\layout\item\exportitem.h", "C++", 0, 28, 0, 0, 0, 0, 0, 10, 38
"d:\FDU_files\Tao_group\kiwi\MyKiwi\source\widget\layout\item\netitem.cc", "C++", 0, 47, 0, 0, 0, 0, 0, 10, 57
"d:\FDU_files\Tao_group\kiwi\MyKiwi\source\widget\layout\item\netitem.h", "C++", 0, 35, 0, 0, 0, 0, 0, 14, 49
"d:\FDU_files\Tao_group\kiwi\MyKiwi\source\widget\layout\item\pinitem.cc", "C++", 0, 61, 0, 0, 0, 0, 0, 13, 74
"d:\FDU_files\Tao_group\kiwi\MyKiwi\source\widget\layout\item\pinitem.h", "C++", 0, 41, 0, 0, 0, 0, 0, 14, 55
"d:\FDU_files\Tao_group\kiwi\MyKiwi\source\widget\layout\item\sourceportitem.cc", "C++", 0, 20, 0, 0, 0, 0, 0, 6, 26
"d:\FDU_files\Tao_group\kiwi\MyKiwi\source\widget\layout\item\sourceportitem.h", "C++", 0, 33, 0, 0, 0, 0, 0, 12, 45
"d:\FDU_files\Tao_group\kiwi\MyKiwi\source\widget\layout\item\tobitem.cc", "C++", 0, 47, 0, 0, 0, 0, 2, 13, 62
"d:\FDU_files\Tao_group\kiwi\MyKiwi\source\widget\layout\item\tobitem.h", "C++", 0, 39, 0, 0, 0, 0, 0, 17, 56
"d:\FDU_files\Tao_group\kiwi\MyKiwi\source\widget\layout\item\topdieinstitem.cc", "C++", 0, 113, 0, 0, 0, 0, 37, 30, 180
"d:\FDU_files\Tao_group\kiwi\MyKiwi\source\widget\layout\item\topdieinstitem.h", "C++", 0, 61, 0, 0, 0, 0, 0, 23, 84
"d:\FDU_files\Tao_group\kiwi\MyKiwi\source\widget\layout\layoutinfowidget.cc", "C++", 0, 80, 0, 0, 0, 0, 7, 16, 103
"d:\FDU_files\Tao_group\kiwi\MyKiwi\source\widget\layout\layoutinfowidget.h", "C++", 0, 31, 0, 0, 0, 0, 0, 11, 42
"d:\FDU_files\Tao_group\kiwi\MyKiwi\source\widget\layout\layoutscene.cc", "C++", 0, 258, 0, 0, 0, 0, 10, 51, 319
"d:\FDU_files\Tao_group\kiwi\MyKiwi\source\widget\layout\layoutscene.h", "C++", 0, 78, 0, 0, 0, 0, 1, 23, 102
"d:\FDU_files\Tao_group\kiwi\MyKiwi\source\widget\layout\layoutview.cc", "C++", 0, 13, 0, 0, 0, 0, 0, 4, 17
"d:\FDU_files\Tao_group\kiwi\MyKiwi\source\widget\layout\layoutview.h", "C++", 0, 22, 0, 0, 0, 0, 0, 8, 30
"d:\FDU_files\Tao_group\kiwi\MyKiwi\source\widget\layout\layoutwidget.cc", "C++", 0, 43, 0, 0, 0, 0, 3, 12, 58
"d:\FDU_files\Tao_group\kiwi\MyKiwi\source\widget\layout\layoutwidget.h", "C++", 0, 32, 0, 0, 0, 0, 0, 12, 44
"d:\FDU_files\Tao_group\kiwi\MyKiwi\source\widget\prthread.h", "C++", 0, 33, 0, 0, 0, 0, 0, 8, 41
"d:\FDU_files\Tao_group\kiwi\MyKiwi\source\widget\schematic\info\exportwidget.cc", "C++", 0, 112, 0, 0, 0, 0, 3, 22, 137
"d:\FDU_files\Tao_group\kiwi\MyKiwi\source\widget\schematic\info\exportwidget.h", "C++", 0, 35, 0, 0, 0, 0, 0, 12, 47
"d:\FDU_files\Tao_group\kiwi\MyKiwi\source\widget\schematic\info\netinfowidget.cc", "C++", 0, 100, 0, 0, 0, 0, 5, 21, 126
"d:\FDU_files\Tao_group\kiwi\MyKiwi\source\widget\schematic\info\netinfowidget.h", "C++", 0, 31, 0, 0, 0, 0, 0, 13, 44
"d:\FDU_files\Tao_group\kiwi\MyKiwi\source\widget\schematic\info\tpdinfowidget.cc", "C++", 0, 86, 0, 0, 0, 0, 6, 20, 112
"d:\FDU_files\Tao_group\kiwi\MyKiwi\source\widget\schematic\info\tpdinfowidget.h", "C++", 0, 29, 0, 0, 0, 0, 0, 13, 42
"d:\FDU_files\Tao_group\kiwi\MyKiwi\source\widget\schematic\info\viewinfowidget.cc", "C++", 0, 90, 0, 0, 0, 0, 5, 16, 111
"d:\FDU_files\Tao_group\kiwi\MyKiwi\source\widget\schematic\info\viewinfowidget.h", "C++", 0, 16, 0, 0, 0, 0, 0, 7, 23
"d:\FDU_files\Tao_group\kiwi\MyKiwi\source\widget\schematic\item\exportitem.cc", "C++", 0, 27, 0, 0, 0, 0, 0, 7, 34
"d:\FDU_files\Tao_group\kiwi\MyKiwi\source\widget\schematic\item\exportitem.h", "C++", 0, 44, 0, 0, 0, 0, 0, 17, 61
"d:\FDU_files\Tao_group\kiwi\MyKiwi\source\widget\schematic\item\griditem.h", "C++", 0, 44, 0, 0, 0, 0, 0, 12, 56
"d:\FDU_files\Tao_group\kiwi\MyKiwi\source\widget\schematic\item\netitem.cc", "C++", 0, 343, 0, 0, 0, 0, 16, 62, 421
"d:\FDU_files\Tao_group\kiwi\MyKiwi\source\widget\schematic\item\netitem.h", "C++", 0, 83, 0, 0, 0, 0, 0, 30, 113
"d:\FDU_files\Tao_group\kiwi\MyKiwi\source\widget\schematic\item\netpointitem.cc", "C++", 0, 89, 0, 0, 0, 0, 0, 20, 109
"d:\FDU_files\Tao_group\kiwi\MyKiwi\source\widget\schematic\item\netpointitem.h", "C++", 0, 43, 0, 0, 0, 0, 0, 15, 58
"d:\FDU_files\Tao_group\kiwi\MyKiwi\source\widget\schematic\item\pinitem.cc", "C++", 0, 168, 0, 0, 0, 0, 0, 24, 192
"d:\FDU_files\Tao_group\kiwi\MyKiwi\source\widget\schematic\item\pinitem.h", "C++", 0, 77, 0, 0, 0, 0, 0, 24, 101
"d:\FDU_files\Tao_group\kiwi\MyKiwi\source\widget\schematic\item\sourceportitem.cc", "C++", 0, 27, 0, 0, 0, 0, 0, 7, 34
"d:\FDU_files\Tao_group\kiwi\MyKiwi\source\widget\schematic\item\sourceportitem.h", "C++", 0, 47, 0, 0, 0, 0, 0, 19, 66
"d:\FDU_files\Tao_group\kiwi\MyKiwi\source\widget\schematic\item\topdieinstitem.cc", "C++", 0, 75, 0, 0, 0, 0, 22, 24, 121
"d:\FDU_files\Tao_group\kiwi\MyKiwi\source\widget\schematic\item\topdieinstitem.h", "C++", 0, 51, 0, 0, 0, 0, 0, 22, 73
"d:\FDU_files\Tao_group\kiwi\MyKiwi\source\widget\schematic\schematicinfowidget.cc", "C++", 0, 128, 0, 0, 0, 0, 0, 30, 158
"d:\FDU_files\Tao_group\kiwi\MyKiwi\source\widget\schematic\schematicinfowidget.h", "C++", 0, 63, 0, 0, 0, 0, 0, 19, 82
"d:\FDU_files\Tao_group\kiwi\MyKiwi\source\widget\schematic\schematiclibwidget.cc", "C++", 0, 143, 0, 0, 0, 0, 1, 26, 170
"d:\FDU_files\Tao_group\kiwi\MyKiwi\source\widget\schematic\schematiclibwidget.h", "C++", 0, 33, 0, 0, 0, 0, 0, 15, 48
"d:\FDU_files\Tao_group\kiwi\MyKiwi\source\widget\schematic\schematicscene.cc", "C++", 0, 341, 0, 0, 0, 0, 6, 88, 435
"d:\FDU_files\Tao_group\kiwi\MyKiwi\source\widget\schematic\schematicscene.h", "C++", 0, 88, 0, 0, 0, 0, 4, 24, 116
"d:\FDU_files\Tao_group\kiwi\MyKiwi\source\widget\schematic\schematicview.cc", "C++", 0, 51, 0, 0, 0, 0, 1, 11, 63
"d:\FDU_files\Tao_group\kiwi\MyKiwi\source\widget\schematic\schematicview.h", "C++", 0, 43, 0, 0, 0, 0, 0, 13, 56
"d:\FDU_files\Tao_group\kiwi\MyKiwi\source\widget\schematic\schematicwidget.cc", "C++", 0, 78, 0, 0, 0, 0, 0, 24, 102
"d:\FDU_files\Tao_group\kiwi\MyKiwi\source\widget\schematic\schematicwidget.h", "C++", 0, 42, 0, 0, 0, 0, 1, 14, 57
"d:\FDU_files\Tao_group\kiwi\MyKiwi\source\widget\setting\settingwidget.cc", "C++", 0, 8, 0, 0, 0, 0, 0, 3, 11
"d:\FDU_files\Tao_group\kiwi\MyKiwi\source\widget\setting\settingwidget.h", "C++", 0, 8, 0, 0, 0, 0, 0, 4, 12
"d:\FDU_files\Tao_group\kiwi\MyKiwi\source\widget\view2d\detail\cob.cc", "C++", 0, 235, 0, 0, 0, 0, 90, 56, 381
"d:\FDU_files\Tao_group\kiwi\MyKiwi\source\widget\view2d\detail\cob.h", "C++", 0, 36, 0, 0, 0, 0, 0, 14, 50
"d:\FDU_files\Tao_group\kiwi\MyKiwi\source\widget\view2d\detail\highlightpathitem.h", "C++", 0, 24, 0, 0, 0, 0, 0, 6, 30
"d:\FDU_files\Tao_group\kiwi\MyKiwi\source\widget\view2d\item\bumpitem.cc", "C++", 0, 23, 0, 0, 0, 0, 0, 7, 30
"d:\FDU_files\Tao_group\kiwi\MyKiwi\source\widget\view2d\item\bumpitem.h", "C++", 0, 24, 0, 0, 0, 0, 0, 9, 33
"d:\FDU_files\Tao_group\kiwi\MyKiwi\source\widget\view2d\item\cobitem.cc", "C++", 0, 53, 0, 0, 0, 0, 29, 17, 99
"d:\FDU_files\Tao_group\kiwi\MyKiwi\source\widget\view2d\item\cobitem.h", "C++", 0, 26, 0, 0, 0, 0, 0, 12, 38
"d:\FDU_files\Tao_group\kiwi\MyKiwi\source\widget\view2d\item\netitem.cc", "C++", 0, 21, 0, 0, 0, 0, 0, 6, 27
"d:\FDU_files\Tao_group\kiwi\MyKiwi\source\widget\view2d\item\netitem.h", "C++", 0, 19, 0, 0, 0, 0, 0, 7, 26
"d:\FDU_files\Tao_group\kiwi\MyKiwi\source\widget\view2d\item\tobitem.cc", "C++", 0, 31, 0, 0, 0, 0, 17, 9, 57
"d:\FDU_files\Tao_group\kiwi\MyKiwi\source\widget\view2d\item\tobitem.h", "C++", 0, 31, 0, 0, 0, 0, 0, 13, 44
"d:\FDU_files\Tao_group\kiwi\MyKiwi\source\widget\view2d\view2dscene.cc", "C++", 0, 184, 0, 0, 0, 0, 72, 47, 303
"d:\FDU_files\Tao_group\kiwi\MyKiwi\source\widget\view2d\view2dscene.hh", "C++", 0, 49, 0, 0, 0, 0, 0, 16, 65
"d:\FDU_files\Tao_group\kiwi\MyKiwi\source\widget\view2d\view2dview.cc", "C++", 0, 11, 0, 0, 0, 0, 0, 4, 15
"d:\FDU_files\Tao_group\kiwi\MyKiwi\source\widget\view2d\view2dview.h", "C++", 0, 9, 0, 0, 0, 0, 0, 6, 15
"d:\FDU_files\Tao_group\kiwi\MyKiwi\source\widget\view2d\view2dwidget.cc", "C++", 0, 26, 0, 0, 0, 0, 0, 5, 31
"d:\FDU_files\Tao_group\kiwi\MyKiwi\source\widget\view2d\view2dwidget.h", "C++", 0, 27, 0, 0, 0, 0, 0, 10, 37
"d:\FDU_files\Tao_group\kiwi\MyKiwi\source\widget\view3d\dialog\cobinfo.cc", "C++", 0, 252, 0, 0, 0, 0, 13, 68, 333
"d:\FDU_files\Tao_group\kiwi\MyKiwi\source\widget\view3d\dialog\cobinfo.h", "C++", 0, 31, 0, 0, 0, 0, 0, 12, 43
"d:\FDU_files\Tao_group\kiwi\MyKiwi\source\widget\view3d\dialog\tobinfo.cc", "C++", 0, 120, 0, 0, 0, 0, 9, 31, 160
"d:\FDU_files\Tao_group\kiwi\MyKiwi\source\widget\view3d\dialog\tobinfo.h", "C++", 0, 25, 0, 0, 0, 0, 0, 9, 34
"d:\FDU_files\Tao_group\kiwi\MyKiwi\source\widget\view3d\dialog\topdieinstinfo.cc", "C++", 0, 130, 0, 0, 0, 0, 12, 29, 171
"d:\FDU_files\Tao_group\kiwi\MyKiwi\source\widget\view3d\dialog\topdieinstinfo.h", "C++", 0, 21, 0, 0, 0, 0, 0, 8, 29
"d:\FDU_files\Tao_group\kiwi\MyKiwi\source\widget\view3d\view3dutil.cc", "C++", 0, 45, 0, 0, 0, 0, 8, 14, 67
"d:\FDU_files\Tao_group\kiwi\MyKiwi\source\widget\view3d\view3dutil.hh", "C++", 0, 20, 0, 0, 0, 0, 0, 8, 28
"d:\FDU_files\Tao_group\kiwi\MyKiwi\source\widget\view3d\view3dwidget.cc", "C++", 0, 776, 0, 0, 0, 0, 116, 194, 1086
"d:\FDU_files\Tao_group\kiwi\MyKiwi\source\widget\view3d\view3dwidget.h", "C++", 0, 191, 0, 0, 0, 0, 7, 53, 251
"d:\FDU_files\Tao_group\kiwi\MyKiwi\source\widget\window.cc", "C++", 0, 233, 0, 0, 0, 0, 23, 82, 338
"d:\FDU_files\Tao_group\kiwi\MyKiwi\source\widget\window.h", "C++", 0, 59, 0, 0, 0, 0, 0, 20, 79
"d:\FDU_files\Tao_group\kiwi\MyKiwi\test\config\case10\01_ports.json", "JSON", 0, 0, 0, 0, 150, 0, 0, 0, 150
"d:\FDU_files\Tao_group\kiwi\MyKiwi\test\config\case10\config.json", "JSON", 0, 0, 0, 0, 9, 0, 0, 0, 9
"d:\FDU_files\Tao_group\kiwi\MyKiwi\test\config\case11\01_ports.json", "JSON", 0, 0, 0, 0, 150, 0, 0, 0, 150
"d:\FDU_files\Tao_group\kiwi\MyKiwi\test\config\case11\config.json", "JSON", 0, 0, 0, 0, 9, 0, 0, 0, 9
"d:\FDU_files\Tao_group\kiwi\MyKiwi\test\config\case12\01_ports.json", "JSON", 0, 0, 0, 0, 150, 0, 0, 0, 150
"d:\FDU_files\Tao_group\kiwi\MyKiwi\test\config\case12\config.json", "JSON", 0, 0, 0, 0, 9, 0, 0, 0, 9
"d:\FDU_files\Tao_group\kiwi\MyKiwi\test\config\case13\01_ports.json", "JSON", 0, 0, 0, 0, 150, 0, 0, 0, 150
"d:\FDU_files\Tao_group\kiwi\MyKiwi\test\config\case13\config.json", "JSON", 0, 0, 0, 0, 9, 0, 0, 0, 9
"d:\FDU_files\Tao_group\kiwi\MyKiwi\test\config\case14\01_ports.json", "JSON", 0, 0, 0, 0, 150, 0, 0, 0, 150
"d:\FDU_files\Tao_group\kiwi\MyKiwi\test\config\case14\config.json", "JSON", 0, 0, 0, 0, 9, 0, 0, 0, 9
"d:\FDU_files\Tao_group\kiwi\MyKiwi\test\config\case15\01_ports.json", "JSON", 0, 0, 0, 0, 150, 0, 0, 0, 150
"d:\FDU_files\Tao_group\kiwi\MyKiwi\test\config\case15\config.json", "JSON", 0, 0, 0, 0, 9, 0, 0, 0, 9
"d:\FDU_files\Tao_group\kiwi\MyKiwi\test\config\case16\01_ports.json", "JSON", 0, 0, 0, 0, 150, 0, 0, 0, 150
"d:\FDU_files\Tao_group\kiwi\MyKiwi\test\config\case16\config.json", "JSON", 0, 0, 0, 0, 9, 0, 0, 0, 9
"d:\FDU_files\Tao_group\kiwi\MyKiwi\test\config\case17\01_ports.json", "JSON", 0, 0, 0, 0, 150, 0, 0, 0, 150
"d:\FDU_files\Tao_group\kiwi\MyKiwi\test\config\case17\config.json", "JSON", 0, 0, 0, 0, 9, 0, 0, 0, 9
"d:\FDU_files\Tao_group\kiwi\MyKiwi\test\config\case17\connections.json", "JSON", 0, 0, 0, 0, 1546, 0, 0, 1, 1547
"d:\FDU_files\Tao_group\kiwi\MyKiwi\test\config\case17\external_ports.json", "JSON", 0, 0, 0, 0, 666, 0, 0, 0, 666
"d:\FDU_files\Tao_group\kiwi\MyKiwi\test\config\case17\interposer.json", "JSON", 0, 0, 0, 0, 1, 0, 0, 1, 2
"d:\FDU_files\Tao_group\kiwi\MyKiwi\test\config\case17\reigster_adder.json", "JSON", 0, 0, 0, 0, 1, 0, 0, 1, 2
"d:\FDU_files\Tao_group\kiwi\MyKiwi\test\config\case17\topdie_insts.json", "JSON", 0, 0, 0, 0, 114, 0, 0, 0, 114
"d:\FDU_files\Tao_group\kiwi\MyKiwi\test\config\case17\topdies.json", "JSON", 0, 0, 0, 0, 134, 0, 0, 0, 134
"d:\FDU_files\Tao_group\kiwi\MyKiwi\test\config\case18\01_ports.json", "JSON", 0, 0, 0, 0, 150, 0, 0, 0, 150
"d:\FDU_files\Tao_group\kiwi\MyKiwi\test\config\case18\config.json", "JSON", 0, 0, 0, 0, 9, 0, 0, 0, 9
"d:\FDU_files\Tao_group\kiwi\MyKiwi\test\config\case18\connections.json", "JSON", 0, 0, 0, 0, 562, 0, 0, 0, 562
"d:\FDU_files\Tao_group\kiwi\MyKiwi\test\config\case18\external_ports.json", "JSON", 0, 0, 0, 0, 666, 0, 0, 0, 666
"d:\FDU_files\Tao_group\kiwi\MyKiwi\test\config\case18\interposer.json", "JSON", 0, 0, 0, 0, 1, 0, 0, 0, 1
"d:\FDU_files\Tao_group\kiwi\MyKiwi\test\config\case18\reigster_adder.json", "JSON", 0, 0, 0, 0, 1, 0, 0, 0, 1
"d:\FDU_files\Tao_group\kiwi\MyKiwi\test\config\case18\topdie_insts.json", "JSON", 0, 0, 0, 0, 114, 0, 0, 0, 114
"d:\FDU_files\Tao_group\kiwi\MyKiwi\test\config\case18\topdies.json", "JSON", 0, 0, 0, 0, 118, 0, 0, 0, 118
"d:\FDU_files\Tao_group\kiwi\MyKiwi\test\config\case19\01_ports.json", "JSON", 0, 0, 0, 0, 150, 0, 0, 0, 150
"d:\FDU_files\Tao_group\kiwi\MyKiwi\test\config\case19\config.json", "JSON", 0, 0, 0, 0, 9, 0, 0, 0, 9
"d:\FDU_files\Tao_group\kiwi\MyKiwi\test\config\case19\connections.json", "JSON", 0, 0, 0, 0, 548, 0, 0, 1, 549
"d:\FDU_files\Tao_group\kiwi\MyKiwi\test\config\case19\external_ports.json", "JSON", 0, 0, 0, 0, 666, 0, 0, 0, 666
"d:\FDU_files\Tao_group\kiwi\MyKiwi\test\config\case19\interposer.json", "JSON", 0, 0, 0, 0, 1, 0, 0, 0, 1
"d:\FDU_files\Tao_group\kiwi\MyKiwi\test\config\case19\reigster_adder.json", "JSON", 0, 0, 0, 0, 1, 0, 0, 0, 1
"d:\FDU_files\Tao_group\kiwi\MyKiwi\test\config\case19\topdie_insts.json", "JSON", 0, 0, 0, 0, 114, 0, 0, 0, 114
"d:\FDU_files\Tao_group\kiwi\MyKiwi\test\config\case19\topdies.json", "JSON", 0, 0, 0, 0, 118, 0, 0, 0, 118
"d:\FDU_files\Tao_group\kiwi\MyKiwi\test\config\case1\01_ports.json", "JSON", 0, 0, 0, 0, 150, 0, 0, 0, 150
"d:\FDU_files\Tao_group\kiwi\MyKiwi\test\config\case1\config.json", "JSON", 0, 0, 0, 0, 9, 0, 0, 0, 9
"d:\FDU_files\Tao_group\kiwi\MyKiwi\test\config\case1\connections.json", "JSON", 0, 0, 0, 0, 284, 0, 0, 0, 284
"d:\FDU_files\Tao_group\kiwi\MyKiwi\test\config\case1\external_ports.json", "JSON", 0, 0, 0, 0, 666, 0, 0, 0, 666
"d:\FDU_files\Tao_group\kiwi\MyKiwi\test\config\case1\interposer.json", "JSON", 0, 0, 0, 0, 2, 0, 0, 1, 3
"d:\FDU_files\Tao_group\kiwi\MyKiwi\test\config\case1\reigster_adder.json", "JSON", 0, 0, 0, 0, 2, 0, 0, 1, 3
"d:\FDU_files\Tao_group\kiwi\MyKiwi\test\config\case1\topdie_insts.json", "JSON", 0, 0, 0, 0, 18, 0, 0, 0, 18
"d:\FDU_files\Tao_group\kiwi\MyKiwi\test\config\case1\topdies.json", "JSON", 0, 0, 0, 0, 118, 0, 0, 0, 118
"d:\FDU_files\Tao_group\kiwi\MyKiwi\test\config\case20\01_ports.json", "JSON", 0, 0, 0, 0, 150, 0, 0, 0, 150
"d:\FDU_files\Tao_group\kiwi\MyKiwi\test\config\case20\config.json", "JSON", 0, 0, 0, 0, 9, 0, 0, 0, 9
"d:\FDU_files\Tao_group\kiwi\MyKiwi\test\config\case20\connections.json", "JSON", 0, 0, 0, 0, 4258, 0, 0, 0, 4258
"d:\FDU_files\Tao_group\kiwi\MyKiwi\test\config\case20\external_ports.json", "JSON", 0, 0, 0, 0, 666, 0, 0, 0, 666
"d:\FDU_files\Tao_group\kiwi\MyKiwi\test\config\case20\interposer.json", "JSON", 0, 0, 0, 0, 1, 0, 0, 0, 1
"d:\FDU_files\Tao_group\kiwi\MyKiwi\test\config\case20\reigster_adder.json", "JSON", 0, 0, 0, 0, 1, 0, 0, 0, 1
"d:\FDU_files\Tao_group\kiwi\MyKiwi\test\config\case20\topdie_insts.json", "JSON", 0, 0, 0, 0, 114, 0, 0, 0, 114
"d:\FDU_files\Tao_group\kiwi\MyKiwi\test\config\case20\topdies.json", "JSON", 0, 0, 0, 0, 118, 0, 0, 0, 118
"d:\FDU_files\Tao_group\kiwi\MyKiwi\test\config\case2\01_ports.json", "JSON", 0, 0, 0, 0, 150, 0, 0, 0, 150
"d:\FDU_files\Tao_group\kiwi\MyKiwi\test\config\case2\config.json", "JSON", 0, 0, 0, 0, 9, 0, 0, 0, 9
"d:\FDU_files\Tao_group\kiwi\MyKiwi\test\config\case2\connections.json", "JSON", 0, 0, 0, 0, 272, 0, 0, 0, 272
"d:\FDU_files\Tao_group\kiwi\MyKiwi\test\config\case2\external_ports.json", "JSON", 0, 0, 0, 0, 666, 0, 0, 0, 666
"d:\FDU_files\Tao_group\kiwi\MyKiwi\test\config\case2\interposer.json", "JSON", 0, 0, 0, 0, 1, 0, 0, 0, 1
"d:\FDU_files\Tao_group\kiwi\MyKiwi\test\config\case2\reigster_adder.json", "JSON", 0, 0, 0, 0, 1, 0, 0, 0, 1
"d:\FDU_files\Tao_group\kiwi\MyKiwi\test\config\case2\topdie_insts.json", "JSON", 0, 0, 0, 0, 114, 0, 0, 0, 114
"d:\FDU_files\Tao_group\kiwi\MyKiwi\test\config\case2\topdies.json", "JSON", 0, 0, 0, 0, 118, 0, 0, 0, 118
"d:\FDU_files\Tao_group\kiwi\MyKiwi\test\config\case3\01_ports.json", "JSON", 0, 0, 0, 0, 150, 0, 0, 0, 150
"d:\FDU_files\Tao_group\kiwi\MyKiwi\test\config\case3\config.json", "JSON", 0, 0, 0, 0, 9, 0, 0, 0, 9
"d:\FDU_files\Tao_group\kiwi\MyKiwi\test\config\case3\connections.json", "JSON", 0, 0, 0, 0, 264, 0, 0, 0, 264
"d:\FDU_files\Tao_group\kiwi\MyKiwi\test\config\case3\external_ports.json", "JSON", 0, 0, 0, 0, 666, 0, 0, 0, 666
"d:\FDU_files\Tao_group\kiwi\MyKiwi\test\config\case3\interposer.json", "JSON", 0, 0, 0, 0, 1, 0, 0, 1, 2
"d:\FDU_files\Tao_group\kiwi\MyKiwi\test\config\case3\reigster_adder.json", "JSON", 0, 0, 0, 0, 1, 0, 0, 1, 2
"d:\FDU_files\Tao_group\kiwi\MyKiwi\test\config\case3\topdie_insts.json", "JSON", 0, 0, 0, 0, 114, 0, 0, 0, 114
"d:\FDU_files\Tao_group\kiwi\MyKiwi\test\config\case3\topdies.json", "JSON", 0, 0, 0, 0, 118, 0, 0, 0, 118
"d:\FDU_files\Tao_group\kiwi\MyKiwi\test\config\case4\01_ports.json", "JSON", 0, 0, 0, 0, 150, 0, 0, 0, 150
"d:\FDU_files\Tao_group\kiwi\MyKiwi\test\config\case4\config.json", "JSON", 0, 0, 0, 0, 9, 0, 0, 0, 9
"d:\FDU_files\Tao_group\kiwi\MyKiwi\test\config\case4\connections.json", "JSON", 0, 0, 0, 0, 2478, 0, 0, 0, 2478
"d:\FDU_files\Tao_group\kiwi\MyKiwi\test\config\case4\external_ports.json", "JSON", 0, 0, 0, 0, 666, 0, 0, 0, 666
"d:\FDU_files\Tao_group\kiwi\MyKiwi\test\config\case4\interposer.json", "JSON", 0, 0, 0, 0, 1, 0, 0, 0, 1
"d:\FDU_files\Tao_group\kiwi\MyKiwi\test\config\case4\reigster_adder.json", "JSON", 0, 0, 0, 0, 1, 0, 0, 0, 1
"d:\FDU_files\Tao_group\kiwi\MyKiwi\test\config\case4\topdie_insts.json", "JSON", 0, 0, 0, 0, 114, 0, 0, 0, 114
"d:\FDU_files\Tao_group\kiwi\MyKiwi\test\config\case4\topdies.json", "JSON", 0, 0, 0, 0, 116, 0, 0, 0, 116
"d:\FDU_files\Tao_group\kiwi\MyKiwi\test\config\case5\01_ports.json", "JSON", 0, 0, 0, 0, 150, 0, 0, 0, 150
"d:\FDU_files\Tao_group\kiwi\MyKiwi\test\config\case5\config.json", "JSON", 0, 0, 0, 0, 9, 0, 0, 0, 9
"d:\FDU_files\Tao_group\kiwi\MyKiwi\test\config\case5\connections.json", "JSON", 0, 0, 0, 0, 20, 0, 0, 0, 20
"d:\FDU_files\Tao_group\kiwi\MyKiwi\test\config\case5\external_ports.json", "JSON", 0, 0, 0, 0, 666, 0, 0, 0, 666
"d:\FDU_files\Tao_group\kiwi\MyKiwi\test\config\case5\interposer.json", "JSON", 0, 0, 0, 0, 1, 0, 0, 0, 1
"d:\FDU_files\Tao_group\kiwi\MyKiwi\test\config\case5\reigster_adder.json", "JSON", 0, 0, 0, 0, 1, 0, 0, 0, 1
"d:\FDU_files\Tao_group\kiwi\MyKiwi\test\config\case5\topdie_insts.json", "JSON", 0, 0, 0, 0, 114, 0, 0, 0, 114
"d:\FDU_files\Tao_group\kiwi\MyKiwi\test\config\case5\topdies.json", "JSON", 0, 0, 0, 0, 118, 0, 0, 0, 118
"d:\FDU_files\Tao_group\kiwi\MyKiwi\test\config\case6\01_ports.json", "JSON", 0, 0, 0, 0, 150, 0, 0, 0, 150
"d:\FDU_files\Tao_group\kiwi\MyKiwi\test\config\case6\config.json", "JSON", 0, 0, 0, 0, 9, 0, 0, 0, 9
"d:\FDU_files\Tao_group\kiwi\MyKiwi\test\config\case6\connections.json", "JSON", 0, 0, 0, 0, 438, 0, 0, 0, 438
"d:\FDU_files\Tao_group\kiwi\MyKiwi\test\config\case6\external_ports.json", "JSON", 0, 0, 0, 0, 666, 0, 0, 0, 666
"d:\FDU_files\Tao_group\kiwi\MyKiwi\test\config\case6\interposer.json", "JSON", 0, 0, 0, 0, 1, 0, 0, 0, 1
"d:\FDU_files\Tao_group\kiwi\MyKiwi\test\config\case6\reigster_adder.json", "JSON", 0, 0, 0, 0, 1, 0, 0, 0, 1
"d:\FDU_files\Tao_group\kiwi\MyKiwi\test\config\case6\topdie_insts.json", "JSON", 0, 0, 0, 0, 114, 0, 0, 0, 114
"d:\FDU_files\Tao_group\kiwi\MyKiwi\test\config\case6\topdies.json", "JSON", 0, 0, 0, 0, 118, 0, 0, 0, 118
"d:\FDU_files\Tao_group\kiwi\MyKiwi\test\config\case7\01_ports.json", "JSON", 0, 0, 0, 0, 150, 0, 0, 0, 150
"d:\FDU_files\Tao_group\kiwi\MyKiwi\test\config\case7\config.json", "JSON", 0, 0, 0, 0, 9, 0, 0, 0, 9
"d:\FDU_files\Tao_group\kiwi\MyKiwi\test\config\case8\01_ports.json", "JSON", 0, 0, 0, 0, 150, 0, 0, 0, 150
"d:\FDU_files\Tao_group\kiwi\MyKiwi\test\config\case8\config.json", "JSON", 0, 0, 0, 0, 9, 0, 0, 0, 9
"d:\FDU_files\Tao_group\kiwi\MyKiwi\test\config\case9\01_ports.json", "JSON", 0, 0, 0, 0, 150, 0, 0, 0, 150
"d:\FDU_files\Tao_group\kiwi\MyKiwi\test\config\case9\config.json", "JSON", 0, 0, 0, 0, 9, 0, 0, 0, 9
"d:\FDU_files\Tao_group\kiwi\MyKiwi\test\module_test\test.cc", "C++", 0, 35, 0, 0, 0, 0, 14, 8, 57
"d:\FDU_files\Tao_group\kiwi\MyKiwi\test\module_test\test_cob.cc", "C++", 0, 69, 0, 0, 0, 0, 0, 11, 80
"d:\FDU_files\Tao_group\kiwi\MyKiwi\test\module_test\test_comparator.cc", "C++", 0, 8, 0, 0, 0, 0, 0, 11, 19
"d:\FDU_files\Tao_group\kiwi\MyKiwi\test\module_test\test_config.cc", "C++", 0, 45, 0, 0, 0, 0, 0, 7, 52
"d:\FDU_files\Tao_group\kiwi\MyKiwi\test\module_test\test_debug.cc", "C++", 0, 9, 0, 0, 0, 0, 1, 3, 13
"d:\FDU_files\Tao_group\kiwi\MyKiwi\test\module_test\test_interposer.cc", "C++", 0, 89, 0, 0, 0, 0, 1, 29, 119
"d:\FDU_files\Tao_group\kiwi\MyKiwi\test\module_test\test_placer.cc", "C++", 0, 13, 0, 0, 0, 0, 1, 5, 19
"d:\FDU_files\Tao_group\kiwi\MyKiwi\test\module_test\test_router.cc", "C++", 0, 248, 0, 0, 0, 0, 9, 85, 342
"d:\FDU_files\Tao_group\kiwi\MyKiwi\test\module_test\test_tob.cc", "C++", 0, 74, 0, 0, 0, 0, 0, 18, 92
"d:\FDU_files\Tao_group\kiwi\MyKiwi\test\module_test\test_writer.cc", "C++", 0, 0, 0, 0, 0, 0, 1, 0, 1
"d:\FDU_files\Tao_group\kiwi\MyKiwi\test\module_test\utilty.hh", "C++", 0, 26, 0, 0, 0, 0, 0, 4, 30
"d:\FDU_files\Tao_group\kiwi\MyKiwi\test\regression_test\compile_catch2.cc", "C++", 0, 2, 0, 0, 0, 0, 0, 1, 3
"d:\FDU_files\Tao_group\kiwi\MyKiwi\test\regression_test\incremental_test.cc", "C++", 0, 118, 0, 0, 0, 0, 6, 28, 152
"d:\FDU_files\Tao_group\kiwi\MyKiwi\test\regression_test\test.cc", "C++", 0, 69, 0, 0, 0, 0, 10, 20, 99
"d:\FDU_files\Tao_group\kiwi\MyKiwi\tools\cobmap.cc", "C++", 0, 55, 0, 0, 0, 0, 0, 10, 65
"d:\FDU_files\Tao_group\kiwi\MyKiwi\tools\count_lines.py", "Python", 0, 0, 24, 0, 0, 0, 0, 8, 32
"d:\FDU_files\Tao_group\kiwi\MyKiwi\tools\view2d.cc", "C++", 0, 33, 0, 0, 0, 0, 0, 11, 44
"d:\FDU_files\Tao_group\kiwi\MyKiwi\tools\view3d.cc", "C++", 0, 33, 0, 0, 0, 0, 0, 11, 44
"d:\FDU_files\Tao_group\kiwi\MyKiwi\xmake.lua", "XMake", 97, 0, 0, 0, 0, 0, 80, 12, 189
"Total", "-", 97, 23341, 1790, 1051, 22770, 69, 1165, 6753, 57036